source	target	weight
9606.ENSP00000361021	9606.ENSP00000212015	757.0
9606.ENSP00000361021	9606.ENSP00000227507	855.0
9606.ENSP00000361021	9606.ENSP00000256078	936.0
9606.ENSP00000361021	9606.ENSP00000257290	828.0
9606.ENSP00000361021	9606.ENSP00000257904	865.0
9606.ENSP00000361021	9606.ENSP00000258149	902.0
9606.ENSP00000361021	9606.ENSP00000261769	930.0
9606.ENSP00000361021	9606.ENSP00000263025	756.0
9606.ENSP00000361021	9606.ENSP00000263341	738.0
9606.ENSP00000361021	9606.ENSP00000263967	995.0
9606.ENSP00000361021	9606.ENSP00000264657	794.0
9606.ENSP00000361021	9606.ENSP00000265171	746.0
9606.ENSP00000361021	9606.ENSP00000269305	999.0
9606.ENSP00000361021	9606.ENSP00000269571	868.0
9606.ENSP00000361021	9606.ENSP00000275493	969.0
9606.ENSP00000361021	9606.ENSP00000278616	897.0
9606.ENSP00000361021	9606.ENSP00000287820	830.0
9606.ENSP00000361021	9606.ENSP00000306245	715.0
9606.ENSP00000361021	9606.ENSP00000311032	748.0
9606.ENSP00000361021	9606.ENSP00000320147	760.0
9606.ENSP00000361021	9606.ENSP00000324806	906.0
9606.ENSP00000361021	9606.ENSP00000335153	803.0
9606.ENSP00000361021	9606.ENSP00000339527	853.0
9606.ENSP00000361021	9606.ENSP00000341551	912.0
9606.ENSP00000361021	9606.ENSP00000345571	839.0
9606.ENSP00000361021	9606.ENSP00000354558	942.0
9606.ENSP00000361021	9606.ENSP00000355759	726.0
9606.ENSP00000361021	9606.ENSP00000358548	872.0
9606.ENSP00000361021	9606.ENSP00000360266	775.0
9606.ENSP00000361021	9606.ENSP00000495360	943.0
9606.ENSP00000361021	9606.ENSP00000498587	758.0
9606.ENSP00000361021	9606.ENSP00000418915	923.0
9606.ENSP00000361021	9606.ENSP00000419060	943.0
9606.ENSP00000361021	9606.ENSP00000361405	766.0
9606.ENSP00000361021	9606.ENSP00000451828	988.0
9606.ENSP00000361021	9606.ENSP00000437955	830.0
9606.ENSP00000361021	9606.ENSP00000387699	704.0
9606.ENSP00000361021	9606.ENSP00000368880	903.0
9606.ENSP00000361021	9606.ENSP00000362680	837.0
9606.ENSP00000361021	9606.ENSP00000363822	892.0
9606.ENSP00000361021	9606.ENSP00000418960	821.0
9606.ENSP00000361021	9606.ENSP00000405330	807.0
9606.ENSP00000361021	9606.ENSP00000371067	794.0
9606.ENSP00000361021	9606.ENSP00000384849	792.0
9606.ENSP00000361021	9606.ENSP00000494750	720.0
9606.ENSP00000361021	9606.ENSP00000380070	752.0
9606.ENSP00000361021	9606.ENSP00000407586	823.0
9606.ENSP00000361021	9606.ENSP00000478887	908.0
9606.ENSP00000361021	9606.ENSP00000381185	815.0
9606.ENSP00000361021	9606.ENSP00000380432	869.0
9606.ENSP00000355759	9606.ENSP00000212015	844.0
9606.ENSP00000355759	9606.ENSP00000226574	828.0
9606.ENSP00000355759	9606.ENSP00000227507	724.0
9606.ENSP00000355759	9606.ENSP00000252804	733.0
9606.ENSP00000355759	9606.ENSP00000254810	838.0
9606.ENSP00000355759	9606.ENSP00000257904	756.0
9606.ENSP00000355759	9606.ENSP00000262367	738.0
9606.ENSP00000355759	9606.ENSP00000263025	758.0
9606.ENSP00000355759	9606.ENSP00000263253	881.0
9606.ENSP00000355759	9606.ENSP00000269305	972.0
9606.ENSP00000355759	9606.ENSP00000269571	741.0
9606.ENSP00000355759	9606.ENSP00000275493	751.0
9606.ENSP00000355759	9606.ENSP00000278616	875.0
9606.ENSP00000355759	9606.ENSP00000311032	999.0
9606.ENSP00000355759	9606.ENSP00000332973	869.0
9606.ENSP00000355759	9606.ENSP00000333277	727.0
9606.ENSP00000355759	9606.ENSP00000341551	888.0
9606.ENSP00000355759	9606.ENSP00000345571	787.0
9606.ENSP00000355759	9606.ENSP00000348645	732.0
9606.ENSP00000355759	9606.ENSP00000352252	775.0
9606.ENSP00000355759	9606.ENSP00000451828	825.0
9606.ENSP00000355759	9606.ENSP00000495360	749.0
9606.ENSP00000355759	9606.ENSP00000398698	735.0
9606.ENSP00000355759	9606.ENSP00000365230	796.0
9606.ENSP00000355759	9606.ENSP00000384849	856.0
9606.ENSP00000355759	9606.ENSP00000405330	746.0
9606.ENSP00000355759	9606.ENSP00000418960	974.0
9606.ENSP00000355759	9606.ENSP00000380070	793.0
9606.ENSP00000355759	9606.ENSP00000494750	794.0
9606.ENSP00000355759	9606.ENSP00000381185	917.0
9606.ENSP00000355759	9606.ENSP00000478887	762.0
9606.ENSP00000355759	9606.ENSP00000437955	707.0
9606.ENSP00000355759	9606.ENSP00000362649	900.0
9606.ENSP00000355759	9606.ENSP00000368880	766.0
9606.ENSP00000355759	9606.ENSP00000384273	891.0
9606.ENSP00000355759	9606.ENSP00000360266	805.0
9606.ENSP00000363822	9606.ENSP00000212015	728.0
9606.ENSP00000363822	9606.ENSP00000227507	955.0
9606.ENSP00000363822	9606.ENSP00000254810	839.0
9606.ENSP00000363822	9606.ENSP00000258149	998.0
9606.ENSP00000363822	9606.ENSP00000262367	960.0
9606.ENSP00000363822	9606.ENSP00000263253	952.0
9606.ENSP00000363822	9606.ENSP00000264657	907.0
9606.ENSP00000363822	9606.ENSP00000265171	743.0
9606.ENSP00000363822	9606.ENSP00000269305	905.0
9606.ENSP00000363822	9606.ENSP00000269571	788.0
9606.ENSP00000363822	9606.ENSP00000275493	864.0
9606.ENSP00000363822	9606.ENSP00000302961	925.0
9606.ENSP00000363822	9606.ENSP00000320147	978.0
9606.ENSP00000363822	9606.ENSP00000324806	841.0
9606.ENSP00000363822	9606.ENSP00000332973	953.0
9606.ENSP00000363822	9606.ENSP00000333277	786.0
9606.ENSP00000363822	9606.ENSP00000335153	999.0
9606.ENSP00000363822	9606.ENSP00000341551	859.0
9606.ENSP00000363822	9606.ENSP00000345571	801.0
9606.ENSP00000363822	9606.ENSP00000352252	778.0
9606.ENSP00000363822	9606.ENSP00000360266	840.0
9606.ENSP00000363822	9606.ENSP00000360609	999.0
9606.ENSP00000363822	9606.ENSP00000362649	964.0
9606.ENSP00000363822	9606.ENSP00000362680	985.0
9606.ENSP00000363822	9606.ENSP00000451828	895.0
9606.ENSP00000363822	9606.ENSP00000495360	996.0
9606.ENSP00000363822	9606.ENSP00000478887	700.0
9606.ENSP00000363822	9606.ENSP00000380070	828.0
9606.ENSP00000363822	9606.ENSP00000418960	908.0
9606.ENSP00000363822	9606.ENSP00000405330	981.0
9606.ENSP00000363822	9606.ENSP00000368880	921.0
9606.ENSP00000363822	9606.ENSP00000437955	871.0
9606.ENSP00000418915	9606.ENSP00000215832	846.0
9606.ENSP00000418915	9606.ENSP00000227507	998.0
9606.ENSP00000418915	9606.ENSP00000229795	944.0
9606.ENSP00000418915	9606.ENSP00000254810	832.0
9606.ENSP00000418915	9606.ENSP00000256078	992.0
9606.ENSP00000418915	9606.ENSP00000257290	730.0
9606.ENSP00000418915	9606.ENSP00000257904	999.0
9606.ENSP00000418915	9606.ENSP00000258149	999.0
9606.ENSP00000418915	9606.ENSP00000261769	713.0
9606.ENSP00000418915	9606.ENSP00000262367	751.0
9606.ENSP00000418915	9606.ENSP00000263253	859.0
9606.ENSP00000418915	9606.ENSP00000263967	791.0
9606.ENSP00000418915	9606.ENSP00000269305	999.0
9606.ENSP00000418915	9606.ENSP00000269571	773.0
9606.ENSP00000418915	9606.ENSP00000275493	910.0
9606.ENSP00000418915	9606.ENSP00000278616	847.0
9606.ENSP00000418915	9606.ENSP00000320147	813.0
9606.ENSP00000418915	9606.ENSP00000332973	806.0
9606.ENSP00000418915	9606.ENSP00000333277	813.0
9606.ENSP00000418915	9606.ENSP00000339527	760.0
9606.ENSP00000418915	9606.ENSP00000341551	851.0
9606.ENSP00000418915	9606.ENSP00000345571	969.0
9606.ENSP00000418915	9606.ENSP00000352252	828.0
9606.ENSP00000418915	9606.ENSP00000358548	984.0
9606.ENSP00000418915	9606.ENSP00000360266	779.0
9606.ENSP00000418915	9606.ENSP00000362649	794.0
9606.ENSP00000418915	9606.ENSP00000362680	745.0
9606.ENSP00000418915	9606.ENSP00000365230	814.0
9606.ENSP00000418915	9606.ENSP00000378974	838.0
9606.ENSP00000418915	9606.ENSP00000381185	717.0
9606.ENSP00000418915	9606.ENSP00000384273	851.0
9606.ENSP00000418915	9606.ENSP00000384849	966.0
9606.ENSP00000418915	9606.ENSP00000407586	990.0
9606.ENSP00000418915	9606.ENSP00000495360	930.0
9606.ENSP00000418915	9606.ENSP00000498587	723.0
9606.ENSP00000418915	9606.ENSP00000418960	832.0
9606.ENSP00000418915	9606.ENSP00000478887	998.0
9606.ENSP00000418915	9606.ENSP00000419060	892.0
9606.ENSP00000418915	9606.ENSP00000451828	866.0
9606.ENSP00000418915	9606.ENSP00000437955	956.0
9606.ENSP00000258149	9606.ENSP00000226574	719.0
9606.ENSP00000258149	9606.ENSP00000227507	926.0
9606.ENSP00000258149	9606.ENSP00000257290	843.0
9606.ENSP00000258149	9606.ENSP00000257904	884.0
9606.ENSP00000258149	9606.ENSP00000339527	995.0
9606.ENSP00000258149	9606.ENSP00000306245	722.0
9606.ENSP00000258149	9606.ENSP00000451828	999.0
9606.ENSP00000258149	9606.ENSP00000275493	897.0
9606.ENSP00000258149	9606.ENSP00000345571	992.0
9606.ENSP00000258149	9606.ENSP00000498587	843.0
9606.ENSP00000258149	9606.ENSP00000262367	909.0
9606.ENSP00000258149	9606.ENSP00000495360	823.0
9606.ENSP00000258149	9606.ENSP00000381185	953.0
9606.ENSP00000258149	9606.ENSP00000478887	813.0
9606.ENSP00000258149	9606.ENSP00000278616	995.0
9606.ENSP00000258149	9606.ENSP00000311032	966.0
9606.ENSP00000258149	9606.ENSP00000380070	741.0
9606.ENSP00000258149	9606.ENSP00000384849	980.0
9606.ENSP00000258149	9606.ENSP00000418960	794.0
9606.ENSP00000258149	9606.ENSP00000405330	946.0
9606.ENSP00000258149	9606.ENSP00000365230	794.0
9606.ENSP00000258149	9606.ENSP00000362680	882.0
9606.ENSP00000258149	9606.ENSP00000302961	873.0
9606.ENSP00000258149	9606.ENSP00000324806	703.0
9606.ENSP00000258149	9606.ENSP00000384273	746.0
9606.ENSP00000258149	9606.ENSP00000264657	715.0
9606.ENSP00000258149	9606.ENSP00000360266	803.0
9606.ENSP00000258149	9606.ENSP00000263253	999.0
9606.ENSP00000258149	9606.ENSP00000360609	753.0
9606.ENSP00000258149	9606.ENSP00000320147	945.0
9606.ENSP00000258149	9606.ENSP00000269305	999.0
9606.ENSP00000258149	9606.ENSP00000261769	925.0
9606.ENSP00000258149	9606.ENSP00000335153	909.0
9606.ENSP00000258149	9606.ENSP00000362649	963.0
9606.ENSP00000258149	9606.ENSP00000368880	774.0
9606.ENSP00000258149	9606.ENSP00000437955	988.0
9606.ENSP00000346839	9606.ENSP00000215832	716.0
9606.ENSP00000346839	9606.ENSP00000221930	969.0
9606.ENSP00000346839	9606.ENSP00000226574	729.0
9606.ENSP00000346839	9606.ENSP00000227507	743.0
9606.ENSP00000346839	9606.ENSP00000252804	853.0
9606.ENSP00000346839	9606.ENSP00000256078	728.0
9606.ENSP00000346839	9606.ENSP00000261769	873.0
9606.ENSP00000346839	9606.ENSP00000263025	829.0
9606.ENSP00000346839	9606.ENSP00000263341	869.0
9606.ENSP00000346839	9606.ENSP00000264657	988.0
9606.ENSP00000346839	9606.ENSP00000265171	960.0
9606.ENSP00000346839	9606.ENSP00000269571	724.0
9606.ENSP00000346839	9606.ENSP00000275493	944.0
9606.ENSP00000346839	9606.ENSP00000302961	718.0
9606.ENSP00000346839	9606.ENSP00000306245	782.0
9606.ENSP00000346839	9606.ENSP00000332973	730.0
9606.ENSP00000346839	9606.ENSP00000495360	850.0
9606.ENSP00000346839	9606.ENSP00000419060	718.0
9606.ENSP00000346839	9606.ENSP00000451828	846.0
9606.ENSP00000346839	9606.ENSP00000361405	850.0
9606.ENSP00000346839	9606.ENSP00000362680	945.0
9606.ENSP00000346839	9606.ENSP00000385675	900.0
9606.ENSP00000346839	9606.ENSP00000348645	732.0
9606.ENSP00000346839	9606.ENSP00000405330	969.0
9606.ENSP00000346839	9606.ENSP00000371067	824.0
9606.ENSP00000346839	9606.ENSP00000398698	970.0
9606.ENSP00000346839	9606.ENSP00000478887	775.0
9606.ENSP00000346839	9606.ENSP00000380432	701.0
9606.ENSP00000346839	9606.ENSP00000381185	785.0
9606.ENSP00000346839	9606.ENSP00000380070	945.0
9606.ENSP00000346839	9606.ENSP00000494750	886.0
9606.ENSP00000346839	9606.ENSP00000407586	801.0
9606.ENSP00000361405	9606.ENSP00000221930	968.0
9606.ENSP00000361405	9606.ENSP00000226574	802.0
9606.ENSP00000361405	9606.ENSP00000227507	799.0
9606.ENSP00000361405	9606.ENSP00000252804	755.0
9606.ENSP00000361405	9606.ENSP00000261769	957.0
9606.ENSP00000361405	9606.ENSP00000263025	741.0
9606.ENSP00000361405	9606.ENSP00000263341	949.0
9606.ENSP00000361405	9606.ENSP00000264657	890.0
9606.ENSP00000361405	9606.ENSP00000265171	741.0
9606.ENSP00000361405	9606.ENSP00000269305	838.0
9606.ENSP00000361405	9606.ENSP00000275493	827.0
9606.ENSP00000361405	9606.ENSP00000287820	765.0
9606.ENSP00000361405	9606.ENSP00000311032	806.0
9606.ENSP00000361405	9606.ENSP00000341551	724.0
9606.ENSP00000361405	9606.ENSP00000348645	755.0
9606.ENSP00000361405	9606.ENSP00000354394	727.0
9606.ENSP00000361405	9606.ENSP00000356438	815.0
9606.ENSP00000361405	9606.ENSP00000360266	866.0
9606.ENSP00000361405	9606.ENSP00000405330	772.0
9606.ENSP00000361405	9606.ENSP00000398698	930.0
9606.ENSP00000361405	9606.ENSP00000381185	804.0
9606.ENSP00000361405	9606.ENSP00000478887	704.0
9606.ENSP00000361405	9606.ENSP00000494750	778.0
9606.ENSP00000361405	9606.ENSP00000380070	814.0
9606.ENSP00000361405	9606.ENSP00000437955	824.0
9606.ENSP00000361405	9606.ENSP00000362680	970.0
9606.ENSP00000361405	9606.ENSP00000385675	959.0
9606.ENSP00000361405	9606.ENSP00000451828	827.0
9606.ENSP00000361405	9606.ENSP00000495360	799.0
9606.ENSP00000361405	9606.ENSP00000378974	735.0
9606.ENSP00000324806	9606.ENSP00000212015	758.0
9606.ENSP00000324806	9606.ENSP00000215832	742.0
9606.ENSP00000324806	9606.ENSP00000226574	713.0
9606.ENSP00000324806	9606.ENSP00000227507	987.0
9606.ENSP00000324806	9606.ENSP00000257904	805.0
9606.ENSP00000324806	9606.ENSP00000261769	894.0
9606.ENSP00000324806	9606.ENSP00000264657	804.0
9606.ENSP00000324806	9606.ENSP00000269305	992.0
9606.ENSP00000324806	9606.ENSP00000302961	740.0
9606.ENSP00000324806	9606.ENSP00000311032	747.0
9606.ENSP00000324806	9606.ENSP00000362680	867.0
9606.ENSP00000324806	9606.ENSP00000360609	920.0
9606.ENSP00000324806	9606.ENSP00000360266	908.0
9606.ENSP00000324806	9606.ENSP00000335153	958.0
9606.ENSP00000324806	9606.ENSP00000368880	814.0
9606.ENSP00000324806	9606.ENSP00000332973	950.0
9606.ENSP00000324806	9606.ENSP00000387699	988.0
9606.ENSP00000324806	9606.ENSP00000380432	753.0
9606.ENSP00000324806	9606.ENSP00000381185	731.0
9606.ENSP00000324806	9606.ENSP00000478887	996.0
9606.ENSP00000324806	9606.ENSP00000380070	817.0
9606.ENSP00000324806	9606.ENSP00000494750	847.0
9606.ENSP00000324806	9606.ENSP00000354394	713.0
9606.ENSP00000324806	9606.ENSP00000365230	828.0
9606.ENSP00000324806	9606.ENSP00000498587	809.0
9606.ENSP00000324806	9606.ENSP00000495360	999.0
9606.ENSP00000324806	9606.ENSP00000339527	762.0
9606.ENSP00000324806	9606.ENSP00000451828	996.0
9606.ENSP00000324806	9606.ENSP00000419060	925.0
9606.ENSP00000324806	9606.ENSP00000354558	784.0
9606.ENSP00000257290	9606.ENSP00000221930	774.0
9606.ENSP00000257290	9606.ENSP00000256078	978.0
9606.ENSP00000257290	9606.ENSP00000407586	960.0
9606.ENSP00000257290	9606.ENSP00000380432	949.0
9606.ENSP00000257290	9606.ENSP00000263967	990.0
9606.ENSP00000257290	9606.ENSP00000354394	914.0
9606.ENSP00000257290	9606.ENSP00000371067	929.0
9606.ENSP00000257290	9606.ENSP00000385675	817.0
9606.ENSP00000257290	9606.ENSP00000265171	987.0
9606.ENSP00000257290	9606.ENSP00000269305	762.0
9606.ENSP00000257290	9606.ENSP00000264657	961.0
9606.ENSP00000257290	9606.ENSP00000362680	954.0
9606.ENSP00000257290	9606.ENSP00000358548	967.0
9606.ENSP00000257290	9606.ENSP00000275493	986.0
9606.ENSP00000257290	9606.ENSP00000269571	768.0
9606.ENSP00000257290	9606.ENSP00000495360	756.0
9606.ENSP00000264657	9606.ENSP00000212015	817.0
9606.ENSP00000264657	9606.ENSP00000215832	996.0
9606.ENSP00000264657	9606.ENSP00000221930	870.0
9606.ENSP00000264657	9606.ENSP00000226574	962.0
9606.ENSP00000264657	9606.ENSP00000227507	980.0
9606.ENSP00000264657	9606.ENSP00000229795	718.0
9606.ENSP00000264657	9606.ENSP00000252804	824.0
9606.ENSP00000264657	9606.ENSP00000256078	817.0
9606.ENSP00000264657	9606.ENSP00000261769	732.0
9606.ENSP00000264657	9606.ENSP00000262367	935.0
9606.ENSP00000264657	9606.ENSP00000263025	870.0
9606.ENSP00000264657	9606.ENSP00000263253	999.0
9606.ENSP00000264657	9606.ENSP00000263341	938.0
9606.ENSP00000264657	9606.ENSP00000263967	859.0
9606.ENSP00000264657	9606.ENSP00000275493	998.0
9606.ENSP00000264657	9606.ENSP00000451828	966.0
9606.ENSP00000264657	9606.ENSP00000419060	773.0
9606.ENSP00000264657	9606.ENSP00000354558	926.0
9606.ENSP00000264657	9606.ENSP00000306245	995.0
9606.ENSP00000264657	9606.ENSP00000339527	978.0
9606.ENSP00000264657	9606.ENSP00000287820	826.0
9606.ENSP00000264657	9606.ENSP00000495360	897.0
9606.ENSP00000264657	9606.ENSP00000345571	797.0
9606.ENSP00000264657	9606.ENSP00000378974	900.0
9606.ENSP00000264657	9606.ENSP00000356438	930.0
9606.ENSP00000264657	9606.ENSP00000269571	948.0
9606.ENSP00000264657	9606.ENSP00000398698	939.0
9606.ENSP00000264657	9606.ENSP00000365230	949.0
9606.ENSP00000264657	9606.ENSP00000384849	984.0
9606.ENSP00000264657	9606.ENSP00000371067	999.0
9606.ENSP00000264657	9606.ENSP00000354394	999.0
9606.ENSP00000264657	9606.ENSP00000418960	812.0
9606.ENSP00000264657	9606.ENSP00000405330	930.0
9606.ENSP00000264657	9606.ENSP00000380070	807.0
9606.ENSP00000264657	9606.ENSP00000311032	804.0
9606.ENSP00000264657	9606.ENSP00000494750	798.0
9606.ENSP00000264657	9606.ENSP00000380432	885.0
9606.ENSP00000264657	9606.ENSP00000381185	959.0
9606.ENSP00000264657	9606.ENSP00000478887	985.0
9606.ENSP00000264657	9606.ENSP00000437955	994.0
9606.ENSP00000264657	9606.ENSP00000335153	971.0
9606.ENSP00000264657	9606.ENSP00000362649	984.0
9606.ENSP00000264657	9606.ENSP00000368880	964.0
9606.ENSP00000264657	9606.ENSP00000332973	909.0
9606.ENSP00000264657	9606.ENSP00000387699	924.0
9606.ENSP00000264657	9606.ENSP00000385675	984.0
9606.ENSP00000264657	9606.ENSP00000348645	824.0
9606.ENSP00000264657	9606.ENSP00000265171	907.0
9606.ENSP00000264657	9606.ENSP00000384273	992.0
9606.ENSP00000264657	9606.ENSP00000362680	999.0
9606.ENSP00000264657	9606.ENSP00000360609	890.0
9606.ENSP00000264657	9606.ENSP00000269305	994.0
9606.ENSP00000264657	9606.ENSP00000320147	973.0
9606.ENSP00000264657	9606.ENSP00000360266	995.0
9606.ENSP00000264657	9606.ENSP00000341551	768.0
9606.ENSP00000387699	9606.ENSP00000212015	781.0
9606.ENSP00000387699	9606.ENSP00000215832	962.0
9606.ENSP00000387699	9606.ENSP00000226574	773.0
9606.ENSP00000387699	9606.ENSP00000227507	949.0
9606.ENSP00000387699	9606.ENSP00000229795	706.0
9606.ENSP00000387699	9606.ENSP00000254810	756.0
9606.ENSP00000387699	9606.ENSP00000262367	999.0
9606.ENSP00000387699	9606.ENSP00000263025	987.0
9606.ENSP00000387699	9606.ENSP00000263253	999.0
9606.ENSP00000387699	9606.ENSP00000269305	998.0
9606.ENSP00000387699	9606.ENSP00000278616	735.0
9606.ENSP00000387699	9606.ENSP00000306245	998.0
9606.ENSP00000387699	9606.ENSP00000332973	899.0
9606.ENSP00000387699	9606.ENSP00000333277	743.0
9606.ENSP00000387699	9606.ENSP00000352252	741.0
9606.ENSP00000387699	9606.ENSP00000354394	743.0
9606.ENSP00000387699	9606.ENSP00000360266	998.0
9606.ENSP00000387699	9606.ENSP00000362649	877.0
9606.ENSP00000387699	9606.ENSP00000368880	920.0
9606.ENSP00000387699	9606.ENSP00000378974	762.0
9606.ENSP00000387699	9606.ENSP00000380432	776.0
9606.ENSP00000387699	9606.ENSP00000381185	925.0
9606.ENSP00000387699	9606.ENSP00000384273	986.0
9606.ENSP00000387699	9606.ENSP00000385675	918.0
9606.ENSP00000387699	9606.ENSP00000451828	965.0
9606.ENSP00000387699	9606.ENSP00000495360	950.0
9606.ENSP00000387699	9606.ENSP00000405330	757.0
9606.ENSP00000387699	9606.ENSP00000478887	789.0
9606.ENSP00000387699	9606.ENSP00000437955	833.0
9606.ENSP00000302961	9606.ENSP00000226574	857.0
9606.ENSP00000302961	9606.ENSP00000254810	706.0
9606.ENSP00000302961	9606.ENSP00000263341	776.0
9606.ENSP00000302961	9606.ENSP00000269305	997.0
9606.ENSP00000302961	9606.ENSP00000269571	951.0
9606.ENSP00000302961	9606.ENSP00000275493	954.0
9606.ENSP00000302961	9606.ENSP00000498587	712.0
9606.ENSP00000302961	9606.ENSP00000451828	964.0
9606.ENSP00000302961	9606.ENSP00000354558	748.0
9606.ENSP00000302961	9606.ENSP00000362680	858.0
9606.ENSP00000302961	9606.ENSP00000333277	706.0
9606.ENSP00000302961	9606.ENSP00000360266	765.0
9606.ENSP00000302961	9606.ENSP00000352252	732.0
9606.ENSP00000302961	9606.ENSP00000360609	999.0
9606.ENSP00000302961	9606.ENSP00000385675	790.0
9606.ENSP00000302961	9606.ENSP00000362649	921.0
9606.ENSP00000302961	9606.ENSP00000335153	999.0
9606.ENSP00000302961	9606.ENSP00000437955	938.0
9606.ENSP00000302961	9606.ENSP00000381185	899.0
9606.ENSP00000302961	9606.ENSP00000478887	839.0
9606.ENSP00000302961	9606.ENSP00000494750	720.0
9606.ENSP00000302961	9606.ENSP00000380070	901.0
9606.ENSP00000302961	9606.ENSP00000311032	906.0
9606.ENSP00000302961	9606.ENSP00000405330	931.0
9606.ENSP00000302961	9606.ENSP00000398698	790.0
9606.ENSP00000302961	9606.ENSP00000365230	730.0
9606.ENSP00000227507	9606.ENSP00000212015	721.0
9606.ENSP00000227507	9606.ENSP00000358548	791.0
9606.ENSP00000227507	9606.ENSP00000339527	756.0
9606.ENSP00000227507	9606.ENSP00000306245	942.0
9606.ENSP00000227507	9606.ENSP00000263025	744.0
9606.ENSP00000227507	9606.ENSP00000419060	864.0
9606.ENSP00000227507	9606.ENSP00000354558	802.0
9606.ENSP00000227507	9606.ENSP00000451828	923.0
9606.ENSP00000227507	9606.ENSP00000275493	841.0
9606.ENSP00000227507	9606.ENSP00000269571	904.0
9606.ENSP00000227507	9606.ENSP00000378974	724.0
9606.ENSP00000227507	9606.ENSP00000256078	835.0
9606.ENSP00000227507	9606.ENSP00000498587	902.0
9606.ENSP00000227507	9606.ENSP00000345571	938.0
9606.ENSP00000227507	9606.ENSP00000495360	972.0
9606.ENSP00000227507	9606.ENSP00000262367	986.0
9606.ENSP00000227507	9606.ENSP00000257904	999.0
9606.ENSP00000227507	9606.ENSP00000478887	969.0
9606.ENSP00000227507	9606.ENSP00000381185	958.0
9606.ENSP00000227507	9606.ENSP00000380070	819.0
9606.ENSP00000227507	9606.ENSP00000311032	847.0
9606.ENSP00000227507	9606.ENSP00000494750	811.0
9606.ENSP00000227507	9606.ENSP00000407586	747.0
9606.ENSP00000227507	9606.ENSP00000405330	997.0
9606.ENSP00000227507	9606.ENSP00000418960	922.0
9606.ENSP00000227507	9606.ENSP00000384849	999.0
9606.ENSP00000227507	9606.ENSP00000354394	783.0
9606.ENSP00000227507	9606.ENSP00000371067	852.0
9606.ENSP00000227507	9606.ENSP00000365230	808.0
9606.ENSP00000227507	9606.ENSP00000252804	778.0
9606.ENSP00000227507	9606.ENSP00000263967	704.0
9606.ENSP00000227507	9606.ENSP00000360266	919.0
9606.ENSP00000227507	9606.ENSP00000269305	946.0
9606.ENSP00000227507	9606.ENSP00000352252	826.0
9606.ENSP00000227507	9606.ENSP00000360609	711.0
9606.ENSP00000227507	9606.ENSP00000263253	974.0
9606.ENSP00000227507	9606.ENSP00000384273	791.0
9606.ENSP00000227507	9606.ENSP00000362680	875.0
9606.ENSP00000227507	9606.ENSP00000333277	825.0
9606.ENSP00000227507	9606.ENSP00000385675	763.0
9606.ENSP00000227507	9606.ENSP00000261769	851.0
9606.ENSP00000227507	9606.ENSP00000265171	731.0
9606.ENSP00000227507	9606.ENSP00000348645	761.0
9606.ENSP00000227507	9606.ENSP00000368880	836.0
9606.ENSP00000227507	9606.ENSP00000362649	833.0
9606.ENSP00000227507	9606.ENSP00000335153	819.0
9606.ENSP00000227507	9606.ENSP00000254810	827.0
9606.ENSP00000227507	9606.ENSP00000437955	876.0
9606.ENSP00000380070	9606.ENSP00000212015	892.0
9606.ENSP00000380070	9606.ENSP00000215832	701.0
9606.ENSP00000380070	9606.ENSP00000221930	811.0
9606.ENSP00000380070	9606.ENSP00000226574	783.0
9606.ENSP00000380070	9606.ENSP00000252804	924.0
9606.ENSP00000380070	9606.ENSP00000254810	817.0
9606.ENSP00000380070	9606.ENSP00000257904	723.0
9606.ENSP00000380070	9606.ENSP00000261769	855.0
9606.ENSP00000380070	9606.ENSP00000263025	832.0
9606.ENSP00000380070	9606.ENSP00000263253	787.0
9606.ENSP00000380070	9606.ENSP00000263341	872.0
9606.ENSP00000380070	9606.ENSP00000265171	783.0
9606.ENSP00000380070	9606.ENSP00000269305	886.0
9606.ENSP00000380070	9606.ENSP00000269571	806.0
9606.ENSP00000380070	9606.ENSP00000275493	955.0
9606.ENSP00000380070	9606.ENSP00000287820	742.0
9606.ENSP00000380070	9606.ENSP00000306245	722.0
9606.ENSP00000380070	9606.ENSP00000311032	890.0
9606.ENSP00000380070	9606.ENSP00000332973	794.0
9606.ENSP00000380070	9606.ENSP00000333277	815.0
9606.ENSP00000380070	9606.ENSP00000335153	922.0
9606.ENSP00000380070	9606.ENSP00000348645	924.0
9606.ENSP00000380070	9606.ENSP00000352252	815.0
9606.ENSP00000380070	9606.ENSP00000354558	701.0
9606.ENSP00000380070	9606.ENSP00000356438	820.0
9606.ENSP00000380070	9606.ENSP00000360266	781.0
9606.ENSP00000380070	9606.ENSP00000360609	872.0
9606.ENSP00000380070	9606.ENSP00000362649	762.0
9606.ENSP00000380070	9606.ENSP00000362680	702.0
9606.ENSP00000380070	9606.ENSP00000365230	752.0
9606.ENSP00000380070	9606.ENSP00000495360	897.0
9606.ENSP00000380070	9606.ENSP00000405330	800.0
9606.ENSP00000380070	9606.ENSP00000478887	850.0
9606.ENSP00000380070	9606.ENSP00000381185	876.0
9606.ENSP00000380070	9606.ENSP00000385675	879.0
9606.ENSP00000380070	9606.ENSP00000451828	911.0
9606.ENSP00000380070	9606.ENSP00000398698	849.0
9606.ENSP00000380070	9606.ENSP00000384849	777.0
9606.ENSP00000380070	9606.ENSP00000494750	975.0
9606.ENSP00000380070	9606.ENSP00000380432	816.0
9606.ENSP00000380070	9606.ENSP00000437955	751.0
9606.ENSP00000371067	9606.ENSP00000215832	794.0
9606.ENSP00000371067	9606.ENSP00000256078	850.0
9606.ENSP00000371067	9606.ENSP00000263025	783.0
9606.ENSP00000371067	9606.ENSP00000263341	806.0
9606.ENSP00000371067	9606.ENSP00000263967	980.0
9606.ENSP00000371067	9606.ENSP00000269305	728.0
9606.ENSP00000371067	9606.ENSP00000269571	966.0
9606.ENSP00000371067	9606.ENSP00000275493	986.0
9606.ENSP00000371067	9606.ENSP00000306245	715.0
9606.ENSP00000371067	9606.ENSP00000320147	768.0
9606.ENSP00000371067	9606.ENSP00000335153	791.0
9606.ENSP00000371067	9606.ENSP00000354394	999.0
9606.ENSP00000371067	9606.ENSP00000354558	742.0
9606.ENSP00000371067	9606.ENSP00000358548	852.0
9606.ENSP00000371067	9606.ENSP00000362680	917.0
9606.ENSP00000371067	9606.ENSP00000365230	763.0
9606.ENSP00000371067	9606.ENSP00000398698	801.0
9606.ENSP00000371067	9606.ENSP00000381185	720.0
9606.ENSP00000371067	9606.ENSP00000407586	781.0
9606.ENSP00000371067	9606.ENSP00000437955	784.0
9606.ENSP00000371067	9606.ENSP00000385675	995.0
9606.ENSP00000371067	9606.ENSP00000451828	732.0
9606.ENSP00000368880	9606.ENSP00000212015	999.0
9606.ENSP00000368880	9606.ENSP00000215832	941.0
9606.ENSP00000368880	9606.ENSP00000226574	710.0
9606.ENSP00000368880	9606.ENSP00000229795	935.0
9606.ENSP00000368880	9606.ENSP00000262367	993.0
9606.ENSP00000368880	9606.ENSP00000263025	959.0
9606.ENSP00000368880	9606.ENSP00000263253	984.0
9606.ENSP00000368880	9606.ENSP00000263341	723.0
9606.ENSP00000368880	9606.ENSP00000263967	726.0
9606.ENSP00000368880	9606.ENSP00000269305	886.0
9606.ENSP00000368880	9606.ENSP00000275493	706.0
9606.ENSP00000368880	9606.ENSP00000278616	751.0
9606.ENSP00000368880	9606.ENSP00000287820	856.0
9606.ENSP00000368880	9606.ENSP00000306245	809.0
9606.ENSP00000368880	9606.ENSP00000332973	990.0
9606.ENSP00000368880	9606.ENSP00000339527	955.0
9606.ENSP00000368880	9606.ENSP00000341551	888.0
9606.ENSP00000368880	9606.ENSP00000345571	709.0
9606.ENSP00000368880	9606.ENSP00000354558	758.0
9606.ENSP00000368880	9606.ENSP00000360266	792.0
9606.ENSP00000368880	9606.ENSP00000362649	728.0
9606.ENSP00000368880	9606.ENSP00000385675	736.0
9606.ENSP00000368880	9606.ENSP00000437955	859.0
9606.ENSP00000368880	9606.ENSP00000478887	774.0
9606.ENSP00000368880	9606.ENSP00000380432	944.0
9606.ENSP00000368880	9606.ENSP00000381185	700.0
9606.ENSP00000368880	9606.ENSP00000398698	721.0
9606.ENSP00000368880	9606.ENSP00000405330	919.0
9606.ENSP00000368880	9606.ENSP00000384849	818.0
9606.ENSP00000368880	9606.ENSP00000378974	951.0
9606.ENSP00000368880	9606.ENSP00000495360	985.0
9606.ENSP00000368880	9606.ENSP00000451828	999.0
9606.ENSP00000341551	9606.ENSP00000215832	816.0
9606.ENSP00000341551	9606.ENSP00000221930	959.0
9606.ENSP00000341551	9606.ENSP00000256078	917.0
9606.ENSP00000341551	9606.ENSP00000261769	804.0
9606.ENSP00000341551	9606.ENSP00000262367	917.0
9606.ENSP00000341551	9606.ENSP00000263025	744.0
9606.ENSP00000341551	9606.ENSP00000263253	994.0
9606.ENSP00000341551	9606.ENSP00000263967	805.0
9606.ENSP00000341551	9606.ENSP00000269305	875.0
9606.ENSP00000341551	9606.ENSP00000269571	708.0
9606.ENSP00000341551	9606.ENSP00000275493	735.0
9606.ENSP00000341551	9606.ENSP00000306245	822.0
9606.ENSP00000341551	9606.ENSP00000332973	999.0
9606.ENSP00000341551	9606.ENSP00000339527	979.0
9606.ENSP00000341551	9606.ENSP00000378974	980.0
9606.ENSP00000341551	9606.ENSP00000498587	811.0
9606.ENSP00000341551	9606.ENSP00000495360	998.0
9606.ENSP00000341551	9606.ENSP00000419060	756.0
9606.ENSP00000341551	9606.ENSP00000451828	914.0
9606.ENSP00000341551	9606.ENSP00000360266	989.0
9606.ENSP00000341551	9606.ENSP00000362680	725.0
9606.ENSP00000341551	9606.ENSP00000385675	704.0
9606.ENSP00000341551	9606.ENSP00000362649	972.0
9606.ENSP00000341551	9606.ENSP00000437955	710.0
9606.ENSP00000341551	9606.ENSP00000478887	931.0
9606.ENSP00000341551	9606.ENSP00000407586	714.0
9606.ENSP00000341551	9606.ENSP00000405330	833.0
9606.ENSP00000341551	9606.ENSP00000384849	940.0
9606.ENSP00000358548	9606.ENSP00000215832	959.0
9606.ENSP00000358548	9606.ENSP00000226574	713.0
9606.ENSP00000358548	9606.ENSP00000256078	944.0
9606.ENSP00000358548	9606.ENSP00000257904	822.0
9606.ENSP00000358548	9606.ENSP00000263025	970.0
9606.ENSP00000358548	9606.ENSP00000263967	995.0
9606.ENSP00000358548	9606.ENSP00000265171	759.0
9606.ENSP00000358548	9606.ENSP00000269305	876.0
9606.ENSP00000358548	9606.ENSP00000269571	904.0
9606.ENSP00000358548	9606.ENSP00000275493	991.0
9606.ENSP00000358548	9606.ENSP00000320147	811.0
9606.ENSP00000358548	9606.ENSP00000335153	817.0
9606.ENSP00000358548	9606.ENSP00000354558	705.0
9606.ENSP00000358548	9606.ENSP00000419060	999.0
9606.ENSP00000358548	9606.ENSP00000451828	815.0
9606.ENSP00000358548	9606.ENSP00000378974	940.0
9606.ENSP00000358548	9606.ENSP00000362680	970.0
9606.ENSP00000358548	9606.ENSP00000498587	765.0
9606.ENSP00000358548	9606.ENSP00000495360	719.0
9606.ENSP00000358548	9606.ENSP00000381185	764.0
9606.ENSP00000358548	9606.ENSP00000407586	932.0
9606.ENSP00000311032	9606.ENSP00000212015	725.0
9606.ENSP00000311032	9606.ENSP00000215832	961.0
9606.ENSP00000311032	9606.ENSP00000221930	706.0
9606.ENSP00000311032	9606.ENSP00000226574	821.0
9606.ENSP00000311032	9606.ENSP00000229795	817.0
9606.ENSP00000311032	9606.ENSP00000252804	918.0
9606.ENSP00000311032	9606.ENSP00000254810	730.0
9606.ENSP00000311032	9606.ENSP00000257904	750.0
9606.ENSP00000311032	9606.ENSP00000261769	956.0
9606.ENSP00000311032	9606.ENSP00000263025	985.0
9606.ENSP00000311032	9606.ENSP00000263341	899.0
9606.ENSP00000311032	9606.ENSP00000265171	801.0
9606.ENSP00000311032	9606.ENSP00000269305	956.0
9606.ENSP00000311032	9606.ENSP00000275493	747.0
9606.ENSP00000311032	9606.ENSP00000278616	702.0
9606.ENSP00000311032	9606.ENSP00000306245	749.0
9606.ENSP00000311032	9606.ENSP00000437955	766.0
9606.ENSP00000311032	9606.ENSP00000362649	738.0
9606.ENSP00000311032	9606.ENSP00000335153	878.0
9606.ENSP00000311032	9606.ENSP00000385675	881.0
9606.ENSP00000311032	9606.ENSP00000348645	918.0
9606.ENSP00000311032	9606.ENSP00000333277	753.0
9606.ENSP00000311032	9606.ENSP00000360609	858.0
9606.ENSP00000311032	9606.ENSP00000352252	731.0
9606.ENSP00000311032	9606.ENSP00000360266	809.0
9606.ENSP00000311032	9606.ENSP00000398698	939.0
9606.ENSP00000311032	9606.ENSP00000365230	950.0
9606.ENSP00000311032	9606.ENSP00000384849	996.0
9606.ENSP00000311032	9606.ENSP00000354394	780.0
9606.ENSP00000311032	9606.ENSP00000494750	989.0
9606.ENSP00000311032	9606.ENSP00000380432	761.0
9606.ENSP00000311032	9606.ENSP00000381185	987.0
9606.ENSP00000311032	9606.ENSP00000478887	881.0
9606.ENSP00000311032	9606.ENSP00000495360	965.0
9606.ENSP00000311032	9606.ENSP00000378974	943.0
9606.ENSP00000311032	9606.ENSP00000356438	865.0
9606.ENSP00000311032	9606.ENSP00000451828	945.0
9606.ENSP00000311032	9606.ENSP00000354558	723.0
9606.ENSP00000311032	9606.ENSP00000339527	776.0
9606.ENSP00000356438	9606.ENSP00000215832	780.0
9606.ENSP00000356438	9606.ENSP00000226574	842.0
9606.ENSP00000356438	9606.ENSP00000229795	774.0
9606.ENSP00000356438	9606.ENSP00000256078	718.0
9606.ENSP00000356438	9606.ENSP00000263025	855.0
9606.ENSP00000356438	9606.ENSP00000263341	974.0
9606.ENSP00000356438	9606.ENSP00000269305	974.0
9606.ENSP00000356438	9606.ENSP00000269571	828.0
9606.ENSP00000356438	9606.ENSP00000275493	836.0
9606.ENSP00000356438	9606.ENSP00000287820	735.0
9606.ENSP00000356438	9606.ENSP00000306245	819.0
9606.ENSP00000356438	9606.ENSP00000398698	916.0
9606.ENSP00000356438	9606.ENSP00000478887	715.0
9606.ENSP00000356438	9606.ENSP00000381185	745.0
9606.ENSP00000356438	9606.ENSP00000494750	728.0
9606.ENSP00000356438	9606.ENSP00000437955	831.0
9606.ENSP00000356438	9606.ENSP00000360266	866.0
9606.ENSP00000356438	9606.ENSP00000362680	778.0
9606.ENSP00000356438	9606.ENSP00000384273	737.0
9606.ENSP00000356438	9606.ENSP00000385675	960.0
9606.ENSP00000356438	9606.ENSP00000451828	775.0
9606.ENSP00000356438	9606.ENSP00000495360	768.0
9606.ENSP00000275493	9606.ENSP00000221930	975.0
9606.ENSP00000275493	9606.ENSP00000226574	837.0
9606.ENSP00000275493	9606.ENSP00000229795	799.0
9606.ENSP00000275493	9606.ENSP00000252804	763.0
9606.ENSP00000275493	9606.ENSP00000254810	766.0
9606.ENSP00000275493	9606.ENSP00000256078	997.0
9606.ENSP00000275493	9606.ENSP00000261769	999.0
9606.ENSP00000275493	9606.ENSP00000263341	873.0
9606.ENSP00000275493	9606.ENSP00000263967	999.0
9606.ENSP00000275493	9606.ENSP00000265171	999.0
9606.ENSP00000275493	9606.ENSP00000269305	943.0
9606.ENSP00000275493	9606.ENSP00000269571	999.0
9606.ENSP00000275493	9606.ENSP00000451828	792.0
9606.ENSP00000275493	9606.ENSP00000354558	802.0
9606.ENSP00000275493	9606.ENSP00000306245	940.0
9606.ENSP00000275493	9606.ENSP00000345571	734.0
9606.ENSP00000275493	9606.ENSP00000498587	877.0
9606.ENSP00000275493	9606.ENSP00000287820	843.0
9606.ENSP00000275493	9606.ENSP00000495360	998.0
9606.ENSP00000275493	9606.ENSP00000378974	830.0
9606.ENSP00000275493	9606.ENSP00000384849	752.0
9606.ENSP00000275493	9606.ENSP00000354394	975.0
9606.ENSP00000275493	9606.ENSP00000405330	988.0
9606.ENSP00000275493	9606.ENSP00000418960	800.0
9606.ENSP00000275493	9606.ENSP00000398698	890.0
9606.ENSP00000275493	9606.ENSP00000365230	847.0
9606.ENSP00000275493	9606.ENSP00000381185	839.0
9606.ENSP00000275493	9606.ENSP00000380432	992.0
9606.ENSP00000275493	9606.ENSP00000478887	875.0
9606.ENSP00000275493	9606.ENSP00000407586	994.0
9606.ENSP00000275493	9606.ENSP00000494750	839.0
9606.ENSP00000275493	9606.ENSP00000362649	765.0
9606.ENSP00000275493	9606.ENSP00000335153	999.0
9606.ENSP00000275493	9606.ENSP00000437955	934.0
9606.ENSP00000275493	9606.ENSP00000384273	701.0
9606.ENSP00000275493	9606.ENSP00000362680	999.0
9606.ENSP00000275493	9606.ENSP00000360266	871.0
9606.ENSP00000275493	9606.ENSP00000320147	741.0
9606.ENSP00000275493	9606.ENSP00000360609	998.0
9606.ENSP00000275493	9606.ENSP00000385675	979.0
9606.ENSP00000275493	9606.ENSP00000348645	743.0
9606.ENSP00000380432	9606.ENSP00000212015	910.0
9606.ENSP00000380432	9606.ENSP00000215832	763.0
9606.ENSP00000380432	9606.ENSP00000221930	758.0
9606.ENSP00000380432	9606.ENSP00000226574	875.0
9606.ENSP00000380432	9606.ENSP00000229795	757.0
9606.ENSP00000380432	9606.ENSP00000252804	817.0
9606.ENSP00000380432	9606.ENSP00000263025	813.0
9606.ENSP00000380432	9606.ENSP00000263341	896.0
9606.ENSP00000380432	9606.ENSP00000265171	995.0
9606.ENSP00000380432	9606.ENSP00000269305	879.0
9606.ENSP00000380432	9606.ENSP00000269571	965.0
9606.ENSP00000380432	9606.ENSP00000287820	944.0
9606.ENSP00000380432	9606.ENSP00000339527	879.0
9606.ENSP00000380432	9606.ENSP00000348645	817.0
9606.ENSP00000380432	9606.ENSP00000354558	882.0
9606.ENSP00000380432	9606.ENSP00000360266	741.0
9606.ENSP00000380432	9606.ENSP00000362680	886.0
9606.ENSP00000380432	9606.ENSP00000378974	740.0
9606.ENSP00000380432	9606.ENSP00000398698	926.0
9606.ENSP00000380432	9606.ENSP00000405330	841.0
9606.ENSP00000380432	9606.ENSP00000494750	801.0
9606.ENSP00000380432	9606.ENSP00000407586	704.0
9606.ENSP00000380432	9606.ENSP00000478887	714.0
9606.ENSP00000380432	9606.ENSP00000381185	721.0
9606.ENSP00000380432	9606.ENSP00000385675	933.0
9606.ENSP00000380432	9606.ENSP00000451828	953.0
9606.ENSP00000380432	9606.ENSP00000495360	727.0
9606.ENSP00000252804	9606.ENSP00000215832	721.0
9606.ENSP00000252804	9606.ENSP00000221930	725.0
9606.ENSP00000252804	9606.ENSP00000451828	876.0
9606.ENSP00000252804	9606.ENSP00000263025	848.0
9606.ENSP00000252804	9606.ENSP00000306245	739.0
9606.ENSP00000252804	9606.ENSP00000495360	790.0
9606.ENSP00000252804	9606.ENSP00000269571	702.0
9606.ENSP00000252804	9606.ENSP00000405330	708.0
9606.ENSP00000252804	9606.ENSP00000398698	800.0
9606.ENSP00000252804	9606.ENSP00000263341	812.0
9606.ENSP00000252804	9606.ENSP00000381185	844.0
9606.ENSP00000252804	9606.ENSP00000478887	784.0
9606.ENSP00000252804	9606.ENSP00000494750	925.0
9606.ENSP00000252804	9606.ENSP00000254810	719.0
9606.ENSP00000252804	9606.ENSP00000437955	744.0
9606.ENSP00000252804	9606.ENSP00000333277	738.0
9606.ENSP00000252804	9606.ENSP00000360266	740.0
9606.ENSP00000252804	9606.ENSP00000352252	717.0
9606.ENSP00000252804	9606.ENSP00000269305	821.0
9606.ENSP00000252804	9606.ENSP00000265171	831.0
9606.ENSP00000252804	9606.ENSP00000348645	981.0
9606.ENSP00000252804	9606.ENSP00000261769	789.0
9606.ENSP00000252804	9606.ENSP00000385675	825.0
9606.ENSP00000494750	9606.ENSP00000212015	790.0
9606.ENSP00000494750	9606.ENSP00000215832	767.0
9606.ENSP00000494750	9606.ENSP00000221930	773.0
9606.ENSP00000494750	9606.ENSP00000226574	766.0
9606.ENSP00000494750	9606.ENSP00000254810	962.0
9606.ENSP00000494750	9606.ENSP00000257904	712.0
9606.ENSP00000494750	9606.ENSP00000261769	833.0
9606.ENSP00000494750	9606.ENSP00000263025	844.0
9606.ENSP00000494750	9606.ENSP00000263253	778.0
9606.ENSP00000494750	9606.ENSP00000263341	847.0
9606.ENSP00000494750	9606.ENSP00000265171	778.0
9606.ENSP00000494750	9606.ENSP00000269305	879.0
9606.ENSP00000494750	9606.ENSP00000269571	932.0
9606.ENSP00000494750	9606.ENSP00000287820	971.0
9606.ENSP00000494750	9606.ENSP00000306245	722.0
9606.ENSP00000494750	9606.ENSP00000320147	702.0
9606.ENSP00000494750	9606.ENSP00000332973	760.0
9606.ENSP00000494750	9606.ENSP00000333277	812.0
9606.ENSP00000494750	9606.ENSP00000335153	967.0
9606.ENSP00000494750	9606.ENSP00000348645	924.0
9606.ENSP00000494750	9606.ENSP00000352252	960.0
9606.ENSP00000494750	9606.ENSP00000354558	752.0
9606.ENSP00000494750	9606.ENSP00000360266	806.0
9606.ENSP00000494750	9606.ENSP00000360609	911.0
9606.ENSP00000494750	9606.ENSP00000362649	766.0
9606.ENSP00000494750	9606.ENSP00000362680	774.0
9606.ENSP00000494750	9606.ENSP00000365230	784.0
9606.ENSP00000494750	9606.ENSP00000381185	885.0
9606.ENSP00000494750	9606.ENSP00000384849	709.0
9606.ENSP00000494750	9606.ENSP00000385675	847.0
9606.ENSP00000494750	9606.ENSP00000398698	847.0
9606.ENSP00000494750	9606.ENSP00000405330	947.0
9606.ENSP00000494750	9606.ENSP00000437955	787.0
9606.ENSP00000494750	9606.ENSP00000451828	923.0
9606.ENSP00000494750	9606.ENSP00000478887	892.0
9606.ENSP00000494750	9606.ENSP00000495360	860.0
9606.ENSP00000418960	9606.ENSP00000212015	777.0
9606.ENSP00000418960	9606.ENSP00000226574	726.0
9606.ENSP00000418960	9606.ENSP00000254810	735.0
9606.ENSP00000418960	9606.ENSP00000256078	721.0
9606.ENSP00000418960	9606.ENSP00000257904	972.0
9606.ENSP00000418960	9606.ENSP00000262367	968.0
9606.ENSP00000418960	9606.ENSP00000263253	986.0
9606.ENSP00000418960	9606.ENSP00000263967	728.0
9606.ENSP00000418960	9606.ENSP00000269305	999.0
9606.ENSP00000418960	9606.ENSP00000269571	918.0
9606.ENSP00000418960	9606.ENSP00000278616	999.0
9606.ENSP00000418960	9606.ENSP00000320147	926.0
9606.ENSP00000418960	9606.ENSP00000332973	867.0
9606.ENSP00000418960	9606.ENSP00000333277	743.0
9606.ENSP00000418960	9606.ENSP00000335153	752.0
9606.ENSP00000418960	9606.ENSP00000339527	749.0
9606.ENSP00000418960	9606.ENSP00000345571	879.0
9606.ENSP00000418960	9606.ENSP00000352252	759.0
9606.ENSP00000418960	9606.ENSP00000354394	958.0
9606.ENSP00000418960	9606.ENSP00000360266	794.0
9606.ENSP00000418960	9606.ENSP00000362649	958.0
9606.ENSP00000418960	9606.ENSP00000381185	800.0
9606.ENSP00000418960	9606.ENSP00000384273	878.0
9606.ENSP00000418960	9606.ENSP00000384849	809.0
9606.ENSP00000418960	9606.ENSP00000405330	999.0
9606.ENSP00000418960	9606.ENSP00000478887	999.0
9606.ENSP00000418960	9606.ENSP00000495360	731.0
9606.ENSP00000418960	9606.ENSP00000451828	993.0
9606.ENSP00000498587	9606.ENSP00000226574	932.0
9606.ENSP00000498587	9606.ENSP00000256078	853.0
9606.ENSP00000498587	9606.ENSP00000262367	783.0
9606.ENSP00000498587	9606.ENSP00000263025	714.0
9606.ENSP00000498587	9606.ENSP00000263253	940.0
9606.ENSP00000498587	9606.ENSP00000263967	786.0
9606.ENSP00000498587	9606.ENSP00000269305	789.0
9606.ENSP00000498587	9606.ENSP00000269571	796.0
9606.ENSP00000498587	9606.ENSP00000278616	723.0
9606.ENSP00000498587	9606.ENSP00000332973	958.0
9606.ENSP00000498587	9606.ENSP00000345571	713.0
9606.ENSP00000498587	9606.ENSP00000362649	790.0
9606.ENSP00000498587	9606.ENSP00000362680	720.0
9606.ENSP00000498587	9606.ENSP00000398698	711.0
9606.ENSP00000498587	9606.ENSP00000407586	814.0
9606.ENSP00000498587	9606.ENSP00000437955	993.0
9606.ENSP00000498587	9606.ENSP00000451828	887.0
9606.ENSP00000498587	9606.ENSP00000478887	899.0
9606.ENSP00000498587	9606.ENSP00000495360	976.0
9606.ENSP00000262367	9606.ENSP00000212015	754.0
9606.ENSP00000262367	9606.ENSP00000215832	803.0
9606.ENSP00000262367	9606.ENSP00000226574	913.0
9606.ENSP00000262367	9606.ENSP00000254810	985.0
9606.ENSP00000262367	9606.ENSP00000261769	744.0
9606.ENSP00000262367	9606.ENSP00000451828	854.0
9606.ENSP00000262367	9606.ENSP00000263025	701.0
9606.ENSP00000262367	9606.ENSP00000306245	943.0
9606.ENSP00000262367	9606.ENSP00000339527	995.0
9606.ENSP00000262367	9606.ENSP00000287820	998.0
9606.ENSP00000262367	9606.ENSP00000495360	999.0
9606.ENSP00000262367	9606.ENSP00000345571	882.0
9606.ENSP00000262367	9606.ENSP00000354394	999.0
9606.ENSP00000262367	9606.ENSP00000384849	904.0
9606.ENSP00000262367	9606.ENSP00000405330	993.0
9606.ENSP00000262367	9606.ENSP00000381185	739.0
9606.ENSP00000262367	9606.ENSP00000478887	945.0
9606.ENSP00000262367	9606.ENSP00000437955	999.0
9606.ENSP00000262367	9606.ENSP00000362649	960.0
9606.ENSP00000262367	9606.ENSP00000332973	995.0
9606.ENSP00000262367	9606.ENSP00000362680	940.0
9606.ENSP00000262367	9606.ENSP00000333277	979.0
9606.ENSP00000262367	9606.ENSP00000384273	999.0
9606.ENSP00000262367	9606.ENSP00000360266	994.0
9606.ENSP00000262367	9606.ENSP00000320147	818.0
9606.ENSP00000262367	9606.ENSP00000352252	984.0
9606.ENSP00000262367	9606.ENSP00000269305	999.0
9606.ENSP00000262367	9606.ENSP00000263253	999.0
9606.ENSP00000278616	9606.ENSP00000212015	856.0
9606.ENSP00000278616	9606.ENSP00000226574	746.0
9606.ENSP00000278616	9606.ENSP00000229795	722.0
9606.ENSP00000278616	9606.ENSP00000254810	767.0
9606.ENSP00000278616	9606.ENSP00000256078	718.0
9606.ENSP00000278616	9606.ENSP00000257904	937.0
9606.ENSP00000278616	9606.ENSP00000263253	904.0
9606.ENSP00000278616	9606.ENSP00000269305	999.0
9606.ENSP00000278616	9606.ENSP00000269571	748.0
9606.ENSP00000278616	9606.ENSP00000384849	807.0
9606.ENSP00000278616	9606.ENSP00000381185	712.0
9606.ENSP00000278616	9606.ENSP00000478887	871.0
9606.ENSP00000278616	9606.ENSP00000335153	785.0
9606.ENSP00000278616	9606.ENSP00000362649	948.0
9606.ENSP00000278616	9606.ENSP00000333277	754.0
9606.ENSP00000278616	9606.ENSP00000352252	766.0
9606.ENSP00000278616	9606.ENSP00000451828	742.0
9606.ENSP00000278616	9606.ENSP00000419060	778.0
9606.ENSP00000278616	9606.ENSP00000339527	826.0
9606.ENSP00000278616	9606.ENSP00000345571	756.0
9606.ENSP00000278616	9606.ENSP00000378974	792.0
9606.ENSP00000398698	9606.ENSP00000212015	706.0
9606.ENSP00000398698	9606.ENSP00000215832	757.0
9606.ENSP00000398698	9606.ENSP00000221930	941.0
9606.ENSP00000398698	9606.ENSP00000226574	999.0
9606.ENSP00000398698	9606.ENSP00000229795	839.0
9606.ENSP00000398698	9606.ENSP00000254810	710.0
9606.ENSP00000398698	9606.ENSP00000256078	717.0
9606.ENSP00000398698	9606.ENSP00000263025	922.0
9606.ENSP00000398698	9606.ENSP00000263341	998.0
9606.ENSP00000398698	9606.ENSP00000265171	793.0
9606.ENSP00000398698	9606.ENSP00000269305	865.0
9606.ENSP00000398698	9606.ENSP00000287820	807.0
9606.ENSP00000398698	9606.ENSP00000306245	728.0
9606.ENSP00000398698	9606.ENSP00000333277	711.0
9606.ENSP00000398698	9606.ENSP00000348645	800.0
9606.ENSP00000398698	9606.ENSP00000352252	710.0
9606.ENSP00000398698	9606.ENSP00000354394	875.0
9606.ENSP00000398698	9606.ENSP00000360266	989.0
9606.ENSP00000398698	9606.ENSP00000362680	904.0
9606.ENSP00000398698	9606.ENSP00000365230	878.0
9606.ENSP00000398698	9606.ENSP00000378974	890.0
9606.ENSP00000398698	9606.ENSP00000381185	885.0
9606.ENSP00000398698	9606.ENSP00000384273	997.0
9606.ENSP00000398698	9606.ENSP00000385675	994.0
9606.ENSP00000398698	9606.ENSP00000478887	702.0
9606.ENSP00000398698	9606.ENSP00000437955	818.0
9606.ENSP00000398698	9606.ENSP00000451828	907.0
9606.ENSP00000398698	9606.ENSP00000495360	715.0
9606.ENSP00000263341	9606.ENSP00000212015	719.0
9606.ENSP00000263341	9606.ENSP00000221930	932.0
9606.ENSP00000263341	9606.ENSP00000226574	996.0
9606.ENSP00000263341	9606.ENSP00000229795	782.0
9606.ENSP00000263341	9606.ENSP00000263025	860.0
9606.ENSP00000263341	9606.ENSP00000263253	710.0
9606.ENSP00000263341	9606.ENSP00000335153	800.0
9606.ENSP00000263341	9606.ENSP00000437955	771.0
9606.ENSP00000263341	9606.ENSP00000360609	718.0
9606.ENSP00000263341	9606.ENSP00000269305	718.0
9606.ENSP00000263341	9606.ENSP00000360266	987.0
9606.ENSP00000263341	9606.ENSP00000384273	990.0
9606.ENSP00000263341	9606.ENSP00000385675	996.0
9606.ENSP00000263341	9606.ENSP00000348645	812.0
9606.ENSP00000263341	9606.ENSP00000265171	762.0
9606.ENSP00000263341	9606.ENSP00000405330	820.0
9606.ENSP00000263341	9606.ENSP00000354394	846.0
9606.ENSP00000263341	9606.ENSP00000365230	764.0
9606.ENSP00000263341	9606.ENSP00000478887	778.0
9606.ENSP00000263341	9606.ENSP00000381185	808.0
9606.ENSP00000263341	9606.ENSP00000495360	745.0
9606.ENSP00000263341	9606.ENSP00000287820	858.0
9606.ENSP00000263341	9606.ENSP00000378974	845.0
9606.ENSP00000263341	9606.ENSP00000451828	864.0
9606.ENSP00000263341	9606.ENSP00000306245	894.0
9606.ENSP00000221930	9606.ENSP00000362680	787.0
9606.ENSP00000221930	9606.ENSP00000360266	722.0
9606.ENSP00000221930	9606.ENSP00000263253	793.0
9606.ENSP00000221930	9606.ENSP00000269305	809.0
9606.ENSP00000221930	9606.ENSP00000265171	904.0
9606.ENSP00000221930	9606.ENSP00000348645	724.0
9606.ENSP00000221930	9606.ENSP00000261769	841.0
9606.ENSP00000221930	9606.ENSP00000385675	960.0
9606.ENSP00000221930	9606.ENSP00000332973	990.0
9606.ENSP00000221930	9606.ENSP00000437955	838.0
9606.ENSP00000221930	9606.ENSP00000478887	796.0
9606.ENSP00000221930	9606.ENSP00000226574	711.0
9606.ENSP00000221930	9606.ENSP00000287820	922.0
9606.ENSP00000221930	9606.ENSP00000495360	789.0
9606.ENSP00000221930	9606.ENSP00000263025	721.0
9606.ENSP00000221930	9606.ENSP00000306245	719.0
9606.ENSP00000221930	9606.ENSP00000451828	868.0
9606.ENSP00000212015	9606.ENSP00000451828	873.0
9606.ENSP00000212015	9606.ENSP00000354558	937.0
9606.ENSP00000212015	9606.ENSP00000339527	999.0
9606.ENSP00000212015	9606.ENSP00000306245	713.0
9606.ENSP00000212015	9606.ENSP00000345571	924.0
9606.ENSP00000212015	9606.ENSP00000287820	998.0
9606.ENSP00000212015	9606.ENSP00000495360	902.0
9606.ENSP00000212015	9606.ENSP00000378974	727.0
9606.ENSP00000212015	9606.ENSP00000384849	719.0
9606.ENSP00000212015	9606.ENSP00000405330	733.0
9606.ENSP00000212015	9606.ENSP00000381185	744.0
9606.ENSP00000212015	9606.ENSP00000478887	860.0
9606.ENSP00000212015	9606.ENSP00000226574	983.0
9606.ENSP00000212015	9606.ENSP00000335153	803.0
9606.ENSP00000212015	9606.ENSP00000362649	993.0
9606.ENSP00000212015	9606.ENSP00000254810	922.0
9606.ENSP00000212015	9606.ENSP00000332973	703.0
9606.ENSP00000212015	9606.ENSP00000437955	927.0
9606.ENSP00000212015	9606.ENSP00000333277	914.0
9606.ENSP00000212015	9606.ENSP00000384273	995.0
9606.ENSP00000212015	9606.ENSP00000360266	927.0
9606.ENSP00000212015	9606.ENSP00000269305	999.0
9606.ENSP00000212015	9606.ENSP00000352252	920.0
9606.ENSP00000212015	9606.ENSP00000320147	942.0
9606.ENSP00000212015	9606.ENSP00000263253	972.0
9606.ENSP00000212015	9606.ENSP00000385675	726.0
9606.ENSP00000320147	9606.ENSP00000254810	990.0
9606.ENSP00000320147	9606.ENSP00000263253	963.0
9606.ENSP00000320147	9606.ENSP00000269305	899.0
9606.ENSP00000320147	9606.ENSP00000287820	778.0
9606.ENSP00000320147	9606.ENSP00000478887	984.0
9606.ENSP00000320147	9606.ENSP00000405330	915.0
9606.ENSP00000320147	9606.ENSP00000384849	739.0
9606.ENSP00000320147	9606.ENSP00000352252	985.0
9606.ENSP00000320147	9606.ENSP00000360266	852.0
9606.ENSP00000320147	9606.ENSP00000333277	998.0
9606.ENSP00000320147	9606.ENSP00000384273	915.0
9606.ENSP00000320147	9606.ENSP00000335153	714.0
9606.ENSP00000320147	9606.ENSP00000362649	999.0
9606.ENSP00000320147	9606.ENSP00000437955	715.0
9606.ENSP00000320147	9606.ENSP00000451828	867.0
9606.ENSP00000320147	9606.ENSP00000345571	916.0
9606.ENSP00000320147	9606.ENSP00000495360	986.0
9606.ENSP00000360609	9606.ENSP00000215832	813.0
9606.ENSP00000360609	9606.ENSP00000226574	845.0
9606.ENSP00000360609	9606.ENSP00000254810	742.0
9606.ENSP00000360609	9606.ENSP00000257904	999.0
9606.ENSP00000360609	9606.ENSP00000263025	818.0
9606.ENSP00000360609	9606.ENSP00000263253	739.0
9606.ENSP00000360609	9606.ENSP00000269305	995.0
9606.ENSP00000360609	9606.ENSP00000269571	993.0
9606.ENSP00000360609	9606.ENSP00000287820	712.0
9606.ENSP00000360609	9606.ENSP00000333277	737.0
9606.ENSP00000360609	9606.ENSP00000335153	997.0
9606.ENSP00000360609	9606.ENSP00000352252	747.0
9606.ENSP00000360609	9606.ENSP00000354394	831.0
9606.ENSP00000360609	9606.ENSP00000354558	998.0
9606.ENSP00000360609	9606.ENSP00000360266	752.0
9606.ENSP00000360609	9606.ENSP00000362680	995.0
9606.ENSP00000360609	9606.ENSP00000385675	735.0
9606.ENSP00000360609	9606.ENSP00000362649	751.0
9606.ENSP00000360609	9606.ENSP00000437955	998.0
9606.ENSP00000360609	9606.ENSP00000478887	890.0
9606.ENSP00000360609	9606.ENSP00000381185	775.0
9606.ENSP00000360609	9606.ENSP00000405330	993.0
9606.ENSP00000360609	9606.ENSP00000384849	831.0
9606.ENSP00000360609	9606.ENSP00000495360	759.0
9606.ENSP00000360609	9606.ENSP00000419060	998.0
9606.ENSP00000360609	9606.ENSP00000451828	999.0
9606.ENSP00000478887	9606.ENSP00000215832	983.0
9606.ENSP00000478887	9606.ENSP00000226574	917.0
9606.ENSP00000478887	9606.ENSP00000229795	710.0
9606.ENSP00000478887	9606.ENSP00000254810	938.0
9606.ENSP00000478887	9606.ENSP00000256078	872.0
9606.ENSP00000478887	9606.ENSP00000257904	966.0
9606.ENSP00000478887	9606.ENSP00000261769	804.0
9606.ENSP00000478887	9606.ENSP00000263025	986.0
9606.ENSP00000478887	9606.ENSP00000263253	999.0
9606.ENSP00000478887	9606.ENSP00000263967	740.0
9606.ENSP00000478887	9606.ENSP00000265171	836.0
9606.ENSP00000478887	9606.ENSP00000269305	997.0
9606.ENSP00000478887	9606.ENSP00000269571	886.0
9606.ENSP00000478887	9606.ENSP00000306245	965.0
9606.ENSP00000478887	9606.ENSP00000332973	993.0
9606.ENSP00000478887	9606.ENSP00000333277	910.0
9606.ENSP00000478887	9606.ENSP00000335153	975.0
9606.ENSP00000478887	9606.ENSP00000339527	874.0
9606.ENSP00000478887	9606.ENSP00000345571	995.0
9606.ENSP00000478887	9606.ENSP00000348645	784.0
9606.ENSP00000478887	9606.ENSP00000352252	936.0
9606.ENSP00000478887	9606.ENSP00000354394	781.0
9606.ENSP00000478887	9606.ENSP00000354558	730.0
9606.ENSP00000478887	9606.ENSP00000360266	970.0
9606.ENSP00000478887	9606.ENSP00000362649	991.0
9606.ENSP00000478887	9606.ENSP00000362680	805.0
9606.ENSP00000478887	9606.ENSP00000365230	863.0
9606.ENSP00000478887	9606.ENSP00000381185	955.0
9606.ENSP00000478887	9606.ENSP00000384273	852.0
9606.ENSP00000478887	9606.ENSP00000384849	981.0
9606.ENSP00000478887	9606.ENSP00000385675	730.0
9606.ENSP00000478887	9606.ENSP00000405330	982.0
9606.ENSP00000478887	9606.ENSP00000407586	871.0
9606.ENSP00000478887	9606.ENSP00000419060	722.0
9606.ENSP00000478887	9606.ENSP00000437955	993.0
9606.ENSP00000478887	9606.ENSP00000451828	928.0
9606.ENSP00000478887	9606.ENSP00000495360	985.0
9606.ENSP00000495360	9606.ENSP00000215832	736.0
9606.ENSP00000495360	9606.ENSP00000226574	964.0
9606.ENSP00000495360	9606.ENSP00000229795	838.0
9606.ENSP00000495360	9606.ENSP00000254810	837.0
9606.ENSP00000495360	9606.ENSP00000256078	885.0
9606.ENSP00000495360	9606.ENSP00000257904	795.0
9606.ENSP00000495360	9606.ENSP00000261769	999.0
9606.ENSP00000495360	9606.ENSP00000263025	873.0
9606.ENSP00000495360	9606.ENSP00000263253	999.0
9606.ENSP00000495360	9606.ENSP00000263967	901.0
9606.ENSP00000495360	9606.ENSP00000265171	868.0
9606.ENSP00000495360	9606.ENSP00000269305	927.0
9606.ENSP00000495360	9606.ENSP00000269571	998.0
9606.ENSP00000495360	9606.ENSP00000287820	994.0
9606.ENSP00000495360	9606.ENSP00000332973	999.0
9606.ENSP00000495360	9606.ENSP00000333277	834.0
9606.ENSP00000495360	9606.ENSP00000339527	998.0
9606.ENSP00000495360	9606.ENSP00000348645	774.0
9606.ENSP00000495360	9606.ENSP00000352252	834.0
9606.ENSP00000495360	9606.ENSP00000354394	725.0
9606.ENSP00000495360	9606.ENSP00000360266	898.0
9606.ENSP00000495360	9606.ENSP00000362649	985.0
9606.ENSP00000495360	9606.ENSP00000362680	999.0
9606.ENSP00000495360	9606.ENSP00000365230	766.0
9606.ENSP00000495360	9606.ENSP00000378974	719.0
9606.ENSP00000495360	9606.ENSP00000381185	781.0
9606.ENSP00000495360	9606.ENSP00000384273	920.0
9606.ENSP00000495360	9606.ENSP00000385675	813.0
9606.ENSP00000495360	9606.ENSP00000405330	965.0
9606.ENSP00000495360	9606.ENSP00000407586	865.0
9606.ENSP00000495360	9606.ENSP00000419060	795.0
9606.ENSP00000495360	9606.ENSP00000437955	998.0
9606.ENSP00000495360	9606.ENSP00000451828	979.0
9606.ENSP00000263025	9606.ENSP00000215832	994.0
9606.ENSP00000263025	9606.ENSP00000226574	881.0
9606.ENSP00000263025	9606.ENSP00000229795	989.0
9606.ENSP00000263025	9606.ENSP00000256078	982.0
9606.ENSP00000263025	9606.ENSP00000261769	770.0
9606.ENSP00000263025	9606.ENSP00000306245	994.0
9606.ENSP00000263025	9606.ENSP00000339527	961.0
9606.ENSP00000263025	9606.ENSP00000451828	957.0
9606.ENSP00000263025	9606.ENSP00000419060	960.0
9606.ENSP00000263025	9606.ENSP00000362680	944.0
9606.ENSP00000263025	9606.ENSP00000269305	994.0
9606.ENSP00000263025	9606.ENSP00000437955	969.0
9606.ENSP00000263025	9606.ENSP00000335153	823.0
9606.ENSP00000263025	9606.ENSP00000332973	964.0
9606.ENSP00000263025	9606.ENSP00000365230	701.0
9606.ENSP00000263025	9606.ENSP00000354558	762.0
9606.ENSP00000263025	9606.ENSP00000348645	847.0
9606.ENSP00000263025	9606.ENSP00000265171	841.0
9606.ENSP00000263025	9606.ENSP00000385675	905.0
9606.ENSP00000263025	9606.ENSP00000360266	987.0
9606.ENSP00000263025	9606.ENSP00000407586	983.0
9606.ENSP00000263025	9606.ENSP00000381185	985.0
9606.ENSP00000263025	9606.ENSP00000354394	964.0
9606.ENSP00000263025	9606.ENSP00000405330	981.0
9606.ENSP00000354394	9606.ENSP00000215832	950.0
9606.ENSP00000354394	9606.ENSP00000226574	926.0
9606.ENSP00000354394	9606.ENSP00000229795	783.0
9606.ENSP00000354394	9606.ENSP00000263253	998.0
9606.ENSP00000354394	9606.ENSP00000263967	740.0
9606.ENSP00000354394	9606.ENSP00000269305	781.0
9606.ENSP00000354394	9606.ENSP00000269571	821.0
9606.ENSP00000354394	9606.ENSP00000287820	817.0
9606.ENSP00000354394	9606.ENSP00000306245	898.0
9606.ENSP00000354394	9606.ENSP00000332973	849.0
9606.ENSP00000354394	9606.ENSP00000335153	868.0
9606.ENSP00000354394	9606.ENSP00000451828	961.0
9606.ENSP00000354394	9606.ENSP00000354558	827.0
9606.ENSP00000354394	9606.ENSP00000384849	765.0
9606.ENSP00000354394	9606.ENSP00000405330	915.0
9606.ENSP00000354394	9606.ENSP00000362649	969.0
9606.ENSP00000354394	9606.ENSP00000437955	748.0
9606.ENSP00000354394	9606.ENSP00000384273	864.0
9606.ENSP00000354394	9606.ENSP00000362680	936.0
9606.ENSP00000354394	9606.ENSP00000360266	910.0
9606.ENSP00000354394	9606.ENSP00000385675	972.0
9606.ENSP00000306245	9606.ENSP00000215832	992.0
9606.ENSP00000306245	9606.ENSP00000226574	808.0
9606.ENSP00000306245	9606.ENSP00000229795	985.0
9606.ENSP00000306245	9606.ENSP00000254810	813.0
9606.ENSP00000306245	9606.ENSP00000263253	964.0
9606.ENSP00000306245	9606.ENSP00000265171	788.0
9606.ENSP00000306245	9606.ENSP00000269305	952.0
9606.ENSP00000306245	9606.ENSP00000378974	986.0
9606.ENSP00000306245	9606.ENSP00000451828	746.0
9606.ENSP00000306245	9606.ENSP00000352252	805.0
9606.ENSP00000306245	9606.ENSP00000360266	999.0
9606.ENSP00000306245	9606.ENSP00000384273	917.0
9606.ENSP00000306245	9606.ENSP00000333277	805.0
9606.ENSP00000306245	9606.ENSP00000362680	986.0
9606.ENSP00000306245	9606.ENSP00000385675	891.0
9606.ENSP00000306245	9606.ENSP00000348645	739.0
9606.ENSP00000306245	9606.ENSP00000332973	976.0
9606.ENSP00000306245	9606.ENSP00000362649	823.0
9606.ENSP00000306245	9606.ENSP00000437955	805.0
9606.ENSP00000306245	9606.ENSP00000381185	784.0
9606.ENSP00000306245	9606.ENSP00000407586	763.0
9606.ENSP00000306245	9606.ENSP00000405330	999.0
9606.ENSP00000306245	9606.ENSP00000384849	753.0
9606.ENSP00000384849	9606.ENSP00000215832	732.0
9606.ENSP00000384849	9606.ENSP00000226574	751.0
9606.ENSP00000384849	9606.ENSP00000254810	710.0
9606.ENSP00000384849	9606.ENSP00000257904	999.0
9606.ENSP00000384849	9606.ENSP00000263253	920.0
9606.ENSP00000384849	9606.ENSP00000269305	999.0
9606.ENSP00000384849	9606.ENSP00000332973	918.0
9606.ENSP00000384849	9606.ENSP00000335153	909.0
9606.ENSP00000384849	9606.ENSP00000339527	995.0
9606.ENSP00000384849	9606.ENSP00000345571	977.0
9606.ENSP00000384849	9606.ENSP00000360266	831.0
9606.ENSP00000384849	9606.ENSP00000362649	903.0
9606.ENSP00000384849	9606.ENSP00000365230	704.0
9606.ENSP00000384849	9606.ENSP00000378974	808.0
9606.ENSP00000384849	9606.ENSP00000381185	820.0
9606.ENSP00000384849	9606.ENSP00000384273	745.0
9606.ENSP00000384849	9606.ENSP00000405330	842.0
9606.ENSP00000384849	9606.ENSP00000451828	995.0
9606.ENSP00000287820	9606.ENSP00000215832	736.0
9606.ENSP00000287820	9606.ENSP00000226574	972.0
9606.ENSP00000287820	9606.ENSP00000256078	757.0
9606.ENSP00000287820	9606.ENSP00000263253	997.0
9606.ENSP00000287820	9606.ENSP00000269305	949.0
9606.ENSP00000287820	9606.ENSP00000451828	790.0
9606.ENSP00000287820	9606.ENSP00000354558	964.0
9606.ENSP00000287820	9606.ENSP00000437955	854.0
9606.ENSP00000287820	9606.ENSP00000362649	857.0
9606.ENSP00000287820	9606.ENSP00000332973	950.0
9606.ENSP00000287820	9606.ENSP00000385675	820.0
9606.ENSP00000287820	9606.ENSP00000384273	998.0
9606.ENSP00000287820	9606.ENSP00000362680	736.0
9606.ENSP00000287820	9606.ENSP00000360266	849.0
9606.ENSP00000287820	9606.ENSP00000405330	794.0
9606.ENSP00000263253	9606.ENSP00000215832	818.0
9606.ENSP00000263253	9606.ENSP00000226574	998.0
9606.ENSP00000263253	9606.ENSP00000229795	741.0
9606.ENSP00000263253	9606.ENSP00000254810	962.0
9606.ENSP00000263253	9606.ENSP00000256078	757.0
9606.ENSP00000263253	9606.ENSP00000333277	922.0
9606.ENSP00000263253	9606.ENSP00000362680	959.0
9606.ENSP00000263253	9606.ENSP00000384273	999.0
9606.ENSP00000263253	9606.ENSP00000269305	999.0
9606.ENSP00000263253	9606.ENSP00000352252	984.0
9606.ENSP00000263253	9606.ENSP00000360266	999.0
9606.ENSP00000263253	9606.ENSP00000437955	999.0
9606.ENSP00000263253	9606.ENSP00000335153	809.0
9606.ENSP00000263253	9606.ENSP00000362649	999.0
9606.ENSP00000263253	9606.ENSP00000332973	999.0
9606.ENSP00000263253	9606.ENSP00000381185	869.0
9606.ENSP00000263253	9606.ENSP00000405330	997.0
9606.ENSP00000263253	9606.ENSP00000378974	700.0
9606.ENSP00000263253	9606.ENSP00000345571	973.0
9606.ENSP00000263253	9606.ENSP00000339527	991.0
9606.ENSP00000263253	9606.ENSP00000451828	954.0
9606.ENSP00000437955	9606.ENSP00000215832	985.0
9606.ENSP00000437955	9606.ENSP00000226574	816.0
9606.ENSP00000437955	9606.ENSP00000261769	721.0
9606.ENSP00000437955	9606.ENSP00000265171	785.0
9606.ENSP00000437955	9606.ENSP00000269305	999.0
9606.ENSP00000437955	9606.ENSP00000332973	975.0
9606.ENSP00000437955	9606.ENSP00000335153	999.0
9606.ENSP00000437955	9606.ENSP00000339527	997.0
9606.ENSP00000437955	9606.ENSP00000348645	737.0
9606.ENSP00000437955	9606.ENSP00000354558	789.0
9606.ENSP00000437955	9606.ENSP00000360266	961.0
9606.ENSP00000437955	9606.ENSP00000362649	983.0
9606.ENSP00000437955	9606.ENSP00000362680	872.0
9606.ENSP00000437955	9606.ENSP00000381185	946.0
9606.ENSP00000437955	9606.ENSP00000384273	989.0
9606.ENSP00000437955	9606.ENSP00000385675	800.0
9606.ENSP00000437955	9606.ENSP00000405330	948.0
9606.ENSP00000437955	9606.ENSP00000451828	932.0
9606.ENSP00000215832	9606.ENSP00000451828	988.0
9606.ENSP00000215832	9606.ENSP00000419060	949.0
9606.ENSP00000215832	9606.ENSP00000339527	963.0
9606.ENSP00000215832	9606.ENSP00000378974	747.0
9606.ENSP00000215832	9606.ENSP00000256078	988.0
9606.ENSP00000215832	9606.ENSP00000405330	987.0
9606.ENSP00000215832	9606.ENSP00000263967	822.0
9606.ENSP00000215832	9606.ENSP00000381185	969.0
9606.ENSP00000215832	9606.ENSP00000407586	979.0
9606.ENSP00000215832	9606.ENSP00000229795	995.0
9606.ENSP00000215832	9606.ENSP00000226574	790.0
9606.ENSP00000215832	9606.ENSP00000335153	941.0
9606.ENSP00000215832	9606.ENSP00000332973	962.0
9606.ENSP00000215832	9606.ENSP00000384273	717.0
9606.ENSP00000215832	9606.ENSP00000362680	932.0
9606.ENSP00000215832	9606.ENSP00000269305	998.0
9606.ENSP00000215832	9606.ENSP00000360266	998.0
9606.ENSP00000215832	9606.ENSP00000385675	936.0
9606.ENSP00000215832	9606.ENSP00000348645	717.0
9606.ENSP00000215832	9606.ENSP00000265171	789.0
9606.ENSP00000360266	9606.ENSP00000226574	994.0
9606.ENSP00000360266	9606.ENSP00000229795	992.0
9606.ENSP00000360266	9606.ENSP00000254810	873.0
9606.ENSP00000360266	9606.ENSP00000257904	759.0
9606.ENSP00000360266	9606.ENSP00000261769	755.0
9606.ENSP00000360266	9606.ENSP00000265171	890.0
9606.ENSP00000360266	9606.ENSP00000269305	997.0
9606.ENSP00000360266	9606.ENSP00000269571	759.0
9606.ENSP00000360266	9606.ENSP00000332973	997.0
9606.ENSP00000360266	9606.ENSP00000333277	867.0
9606.ENSP00000360266	9606.ENSP00000335153	798.0
9606.ENSP00000360266	9606.ENSP00000339527	773.0
9606.ENSP00000360266	9606.ENSP00000345571	743.0
9606.ENSP00000360266	9606.ENSP00000348645	735.0
9606.ENSP00000360266	9606.ENSP00000352252	867.0
9606.ENSP00000360266	9606.ENSP00000354558	715.0
9606.ENSP00000360266	9606.ENSP00000451828	991.0
9606.ENSP00000360266	9606.ENSP00000378974	999.0
9606.ENSP00000360266	9606.ENSP00000381185	927.0
9606.ENSP00000360266	9606.ENSP00000407586	778.0
9606.ENSP00000360266	9606.ENSP00000405330	999.0
9606.ENSP00000360266	9606.ENSP00000365230	706.0
9606.ENSP00000360266	9606.ENSP00000384273	986.0
9606.ENSP00000360266	9606.ENSP00000362680	974.0
9606.ENSP00000360266	9606.ENSP00000385675	989.0
9606.ENSP00000360266	9606.ENSP00000362649	967.0
9606.ENSP00000345571	9606.ENSP00000226574	932.0
9606.ENSP00000345571	9606.ENSP00000254810	706.0
9606.ENSP00000345571	9606.ENSP00000257904	958.0
9606.ENSP00000345571	9606.ENSP00000269305	986.0
9606.ENSP00000345571	9606.ENSP00000332973	728.0
9606.ENSP00000345571	9606.ENSP00000333277	706.0
9606.ENSP00000345571	9606.ENSP00000339527	994.0
9606.ENSP00000345571	9606.ENSP00000381185	778.0
9606.ENSP00000345571	9606.ENSP00000365230	702.0
9606.ENSP00000345571	9606.ENSP00000405330	713.0
9606.ENSP00000345571	9606.ENSP00000352252	713.0
9606.ENSP00000345571	9606.ENSP00000384273	746.0
9606.ENSP00000345571	9606.ENSP00000362649	999.0
9606.ENSP00000345571	9606.ENSP00000451828	797.0
9606.ENSP00000256078	9606.ENSP00000226574	805.0
9606.ENSP00000256078	9606.ENSP00000229795	807.0
9606.ENSP00000256078	9606.ENSP00000354558	826.0
9606.ENSP00000256078	9606.ENSP00000269571	966.0
9606.ENSP00000256078	9606.ENSP00000405330	764.0
9606.ENSP00000256078	9606.ENSP00000381185	862.0
9606.ENSP00000256078	9606.ENSP00000407586	992.0
9606.ENSP00000256078	9606.ENSP00000261769	723.0
9606.ENSP00000256078	9606.ENSP00000385675	823.0
9606.ENSP00000256078	9606.ENSP00000265171	854.0
9606.ENSP00000256078	9606.ENSP00000419060	999.0
9606.ENSP00000256078	9606.ENSP00000451828	904.0
9606.ENSP00000256078	9606.ENSP00000378974	948.0
9606.ENSP00000256078	9606.ENSP00000365230	982.0
9606.ENSP00000256078	9606.ENSP00000263967	998.0
9606.ENSP00000256078	9606.ENSP00000257904	743.0
9606.ENSP00000256078	9606.ENSP00000335153	818.0
9606.ENSP00000256078	9606.ENSP00000269305	949.0
9606.ENSP00000256078	9606.ENSP00000362680	990.0
9606.ENSP00000384273	9606.ENSP00000226574	999.0
9606.ENSP00000384273	9606.ENSP00000229795	798.0
9606.ENSP00000384273	9606.ENSP00000254810	740.0
9606.ENSP00000384273	9606.ENSP00000269305	955.0
9606.ENSP00000384273	9606.ENSP00000332973	950.0
9606.ENSP00000384273	9606.ENSP00000333277	723.0
9606.ENSP00000384273	9606.ENSP00000352252	723.0
9606.ENSP00000384273	9606.ENSP00000362649	998.0
9606.ENSP00000384273	9606.ENSP00000365230	773.0
9606.ENSP00000384273	9606.ENSP00000378974	975.0
9606.ENSP00000384273	9606.ENSP00000381185	898.0
9606.ENSP00000384273	9606.ENSP00000451828	780.0
9606.ENSP00000384273	9606.ENSP00000385675	986.0
9606.ENSP00000384273	9606.ENSP00000405330	978.0
9606.ENSP00000362680	9606.ENSP00000226574	756.0
9606.ENSP00000362680	9606.ENSP00000229795	818.0
9606.ENSP00000362680	9606.ENSP00000261769	988.0
9606.ENSP00000362680	9606.ENSP00000263967	984.0
9606.ENSP00000362680	9606.ENSP00000265171	922.0
9606.ENSP00000362680	9606.ENSP00000269305	884.0
9606.ENSP00000362680	9606.ENSP00000269571	999.0
9606.ENSP00000362680	9606.ENSP00000335153	999.0
9606.ENSP00000362680	9606.ENSP00000354558	793.0
9606.ENSP00000362680	9606.ENSP00000405330	999.0
9606.ENSP00000362680	9606.ENSP00000381185	860.0
9606.ENSP00000362680	9606.ENSP00000407586	994.0
9606.ENSP00000362680	9606.ENSP00000385675	787.0
9606.ENSP00000362680	9606.ENSP00000451828	995.0
9606.ENSP00000362680	9606.ENSP00000419060	842.0
9606.ENSP00000362680	9606.ENSP00000378974	959.0
9606.ENSP00000332973	9606.ENSP00000226574	765.0
9606.ENSP00000332973	9606.ENSP00000257904	892.0
9606.ENSP00000332973	9606.ENSP00000261769	724.0
9606.ENSP00000332973	9606.ENSP00000269305	963.0
9606.ENSP00000332973	9606.ENSP00000405330	840.0
9606.ENSP00000332973	9606.ENSP00000362649	980.0
9606.ENSP00000332973	9606.ENSP00000339527	995.0
9606.ENSP00000332973	9606.ENSP00000451828	996.0
9606.ENSP00000332973	9606.ENSP00000378974	977.0
9606.ENSP00000226574	9606.ENSP00000229795	864.0
9606.ENSP00000226574	9606.ENSP00000257904	710.0
9606.ENSP00000226574	9606.ENSP00000362649	996.0
9606.ENSP00000226574	9606.ENSP00000269305	989.0
9606.ENSP00000226574	9606.ENSP00000451828	896.0
9606.ENSP00000226574	9606.ENSP00000339527	711.0
9606.ENSP00000226574	9606.ENSP00000378974	987.0
9606.ENSP00000226574	9606.ENSP00000405330	957.0
9606.ENSP00000226574	9606.ENSP00000407586	725.0
9606.ENSP00000226574	9606.ENSP00000381185	818.0
9606.ENSP00000226574	9606.ENSP00000385675	994.0
9606.ENSP00000226574	9606.ENSP00000354558	760.0
9606.ENSP00000226574	9606.ENSP00000269571	733.0
9606.ENSP00000339527	9606.ENSP00000229795	949.0
9606.ENSP00000339527	9606.ENSP00000257904	703.0
9606.ENSP00000339527	9606.ENSP00000269305	998.0
9606.ENSP00000339527	9606.ENSP00000405330	898.0
9606.ENSP00000339527	9606.ENSP00000381185	730.0
9606.ENSP00000339527	9606.ENSP00000451828	998.0
9606.ENSP00000339527	9606.ENSP00000354558	747.0
9606.ENSP00000339527	9606.ENSP00000378974	954.0
9606.ENSP00000407586	9606.ENSP00000263967	995.0
9606.ENSP00000407586	9606.ENSP00000265171	869.0
9606.ENSP00000407586	9606.ENSP00000269305	925.0
9606.ENSP00000407586	9606.ENSP00000269571	907.0
9606.ENSP00000407586	9606.ENSP00000335153	819.0
9606.ENSP00000407586	9606.ENSP00000378974	985.0
9606.ENSP00000407586	9606.ENSP00000381185	938.0
9606.ENSP00000407586	9606.ENSP00000405330	715.0
9606.ENSP00000407586	9606.ENSP00000419060	999.0
9606.ENSP00000407586	9606.ENSP00000451828	896.0
9606.ENSP00000261769	9606.ENSP00000257904	712.0
9606.ENSP00000261769	9606.ENSP00000269571	970.0
9606.ENSP00000261769	9606.ENSP00000451828	903.0
9606.ENSP00000261769	9606.ENSP00000348645	789.0
9606.ENSP00000261769	9606.ENSP00000265171	852.0
9606.ENSP00000261769	9606.ENSP00000269305	853.0
9606.ENSP00000261769	9606.ENSP00000362649	775.0
9606.ENSP00000261769	9606.ENSP00000381185	736.0
9606.ENSP00000261769	9606.ENSP00000405330	803.0
9606.ENSP00000405330	9606.ENSP00000229795	954.0
9606.ENSP00000405330	9606.ENSP00000254810	816.0
9606.ENSP00000405330	9606.ENSP00000257904	718.0
9606.ENSP00000405330	9606.ENSP00000263967	941.0
9606.ENSP00000405330	9606.ENSP00000265171	802.0
9606.ENSP00000405330	9606.ENSP00000269305	992.0
9606.ENSP00000405330	9606.ENSP00000269571	976.0
9606.ENSP00000405330	9606.ENSP00000333277	807.0
9606.ENSP00000405330	9606.ENSP00000335153	999.0
9606.ENSP00000405330	9606.ENSP00000348645	708.0
9606.ENSP00000405330	9606.ENSP00000352252	799.0
9606.ENSP00000405330	9606.ENSP00000354558	745.0
9606.ENSP00000405330	9606.ENSP00000362649	998.0
9606.ENSP00000405330	9606.ENSP00000378974	964.0
9606.ENSP00000405330	9606.ENSP00000381185	897.0
9606.ENSP00000405330	9606.ENSP00000385675	792.0
9606.ENSP00000405330	9606.ENSP00000451828	913.0
9606.ENSP00000405330	9606.ENSP00000419060	746.0
9606.ENSP00000381185	9606.ENSP00000229795	701.0
9606.ENSP00000381185	9606.ENSP00000254810	801.0
9606.ENSP00000381185	9606.ENSP00000257904	815.0
9606.ENSP00000381185	9606.ENSP00000269305	999.0
9606.ENSP00000381185	9606.ENSP00000269571	849.0
9606.ENSP00000381185	9606.ENSP00000333277	808.0
9606.ENSP00000381185	9606.ENSP00000335153	929.0
9606.ENSP00000381185	9606.ENSP00000348645	844.0
9606.ENSP00000381185	9606.ENSP00000352252	799.0
9606.ENSP00000381185	9606.ENSP00000354558	765.0
9606.ENSP00000381185	9606.ENSP00000365230	999.0
9606.ENSP00000381185	9606.ENSP00000378974	979.0
9606.ENSP00000381185	9606.ENSP00000385675	868.0
9606.ENSP00000381185	9606.ENSP00000451828	993.0
9606.ENSP00000381185	9606.ENSP00000419060	761.0
9606.ENSP00000419060	9606.ENSP00000263967	947.0
9606.ENSP00000419060	9606.ENSP00000269305	887.0
9606.ENSP00000419060	9606.ENSP00000335153	984.0
9606.ENSP00000419060	9606.ENSP00000451828	783.0
9606.ENSP00000263967	9606.ENSP00000257904	709.0
9606.ENSP00000263967	9606.ENSP00000265171	746.0
9606.ENSP00000263967	9606.ENSP00000269305	941.0
9606.ENSP00000263967	9606.ENSP00000335153	837.0
9606.ENSP00000263967	9606.ENSP00000451828	998.0
9606.ENSP00000263967	9606.ENSP00000354558	963.0
9606.ENSP00000263967	9606.ENSP00000269571	992.0
9606.ENSP00000269571	9606.ENSP00000265171	999.0
9606.ENSP00000269571	9606.ENSP00000269305	935.0
9606.ENSP00000269571	9606.ENSP00000354558	725.0
9606.ENSP00000269571	9606.ENSP00000365230	767.0
9606.ENSP00000269571	9606.ENSP00000385675	752.0
9606.ENSP00000269571	9606.ENSP00000335153	999.0
9606.ENSP00000335153	9606.ENSP00000254810	750.0
9606.ENSP00000335153	9606.ENSP00000257904	998.0
9606.ENSP00000335153	9606.ENSP00000265171	760.0
9606.ENSP00000335153	9606.ENSP00000269305	999.0
9606.ENSP00000335153	9606.ENSP00000333277	737.0
9606.ENSP00000335153	9606.ENSP00000365230	727.0
9606.ENSP00000335153	9606.ENSP00000385675	738.0
9606.ENSP00000335153	9606.ENSP00000352252	793.0
9606.ENSP00000335153	9606.ENSP00000362649	764.0
9606.ENSP00000335153	9606.ENSP00000354558	998.0
9606.ENSP00000335153	9606.ENSP00000451828	999.0
9606.ENSP00000335153	9606.ENSP00000378974	732.0
9606.ENSP00000265171	9606.ENSP00000378974	719.0
9606.ENSP00000265171	9606.ENSP00000451828	933.0
9606.ENSP00000265171	9606.ENSP00000385675	890.0
9606.ENSP00000265171	9606.ENSP00000348645	831.0
9606.ENSP00000265171	9606.ENSP00000269305	780.0
9606.ENSP00000365230	9606.ENSP00000229795	762.0
9606.ENSP00000365230	9606.ENSP00000269305	999.0
9606.ENSP00000365230	9606.ENSP00000354558	813.0
9606.ENSP00000365230	9606.ENSP00000385675	809.0
9606.ENSP00000365230	9606.ENSP00000378974	986.0
9606.ENSP00000365230	9606.ENSP00000451828	991.0
9606.ENSP00000254810	9606.ENSP00000362649	986.0
9606.ENSP00000254810	9606.ENSP00000385675	746.0
9606.ENSP00000254810	9606.ENSP00000348645	717.0
9606.ENSP00000254810	9606.ENSP00000333277	954.0
9606.ENSP00000254810	9606.ENSP00000269305	865.0
9606.ENSP00000254810	9606.ENSP00000352252	916.0
9606.ENSP00000254810	9606.ENSP00000451828	790.0
9606.ENSP00000257904	9606.ENSP00000333277	774.0
9606.ENSP00000257904	9606.ENSP00000352252	783.0
9606.ENSP00000257904	9606.ENSP00000269305	966.0
9606.ENSP00000385675	9606.ENSP00000229795	848.0
9606.ENSP00000385675	9606.ENSP00000269305	777.0
9606.ENSP00000385675	9606.ENSP00000333277	748.0
9606.ENSP00000385675	9606.ENSP00000348645	821.0
9606.ENSP00000385675	9606.ENSP00000352252	746.0
9606.ENSP00000385675	9606.ENSP00000354558	772.0
9606.ENSP00000385675	9606.ENSP00000378974	938.0
9606.ENSP00000385675	9606.ENSP00000451828	872.0
9606.ENSP00000354558	9606.ENSP00000269305	874.0
9606.ENSP00000354558	9606.ENSP00000378974	702.0
9606.ENSP00000354558	9606.ENSP00000451828	999.0
9606.ENSP00000229795	9606.ENSP00000269305	994.0
9606.ENSP00000229795	9606.ENSP00000451828	990.0
9606.ENSP00000229795	9606.ENSP00000378974	955.0
9606.ENSP00000352252	9606.ENSP00000269305	971.0
9606.ENSP00000352252	9606.ENSP00000333277	988.0
9606.ENSP00000352252	9606.ENSP00000348645	718.0
9606.ENSP00000352252	9606.ENSP00000451828	790.0
9606.ENSP00000352252	9606.ENSP00000362649	986.0
9606.ENSP00000378974	9606.ENSP00000269305	997.0
9606.ENSP00000378974	9606.ENSP00000451828	706.0
9606.ENSP00000362649	9606.ENSP00000269305	999.0
9606.ENSP00000362649	9606.ENSP00000333277	984.0
9606.ENSP00000362649	9606.ENSP00000451828	758.0
9606.ENSP00000451828	9606.ENSP00000269305	994.0
9606.ENSP00000451828	9606.ENSP00000333277	792.0
9606.ENSP00000451828	9606.ENSP00000348645	875.0
9606.ENSP00000348645	9606.ENSP00000269305	821.0
9606.ENSP00000348645	9606.ENSP00000333277	738.0
9606.ENSP00000269305	9606.ENSP00000333277	863.0
